proposal_id,objname,catalogue_objname,filters,camera,batch_number,status,raw_data_source,started_at,completed_at,notes
15867,AGEL001702-100911A,DESI-004.2564-10.1530,F140W,WFC3,16,complete,F140W:cached,2026-09-17 23:51:00 UTC,2026-09-17 23:51:13 UTC,
15867,AGEL002527+101107A,DESI-006.3643+10.1853,F140W,WFC3,16,complete,F140W:cached,2026-09-17 23:51:13 UTC,2026-09-17 23:51:24 UTC,
15867,AGEL013204-160014A,DESI-023.0157-16.0040,F140W,WFC3,16,complete,F140W:cached,2026-09-17 23:51:24 UTC,2026-09-17 23:51:36 UTC,
15867,AGEL013442+043350A,DESI-023.6765+04.5639,F140W,WFC3,16,complete,F140W:cached,2026-09-17 23:51:36 UTC,2026-09-17 23:51:48 UTC,
15867,AGEL013639+000818A,DESI-024.1631+00.1384,F140W,WFC3,16,complete,"F140W:cached,added_to_ps_config",2026-09-17 23:51:48 UTC,2026-09-17 23:51:59 UTC,
15867,AGEL014156+304531A,DESI-025.4848+30.7585,F140W,WFC3,16,complete,"F140W:cached,added_to_ps_config",2026-09-17 23:51:59 UTC,2026-09-17 23:52:10 UTC,
15867,AGEL020145-273942A,DESI-030.4360-27.6618,F140W,WFC3,16,complete,"F140W:cached,added_to_ps_config",2026-09-17 23:52:10 UTC,2026-09-17 23:52:22 UTC,
15867,AGEL021514-290925A,DESI-033.8095-29.1570,F140W,WFC3,16,complete,"F140W:cached,added_to_ps_config",2026-09-17 23:52:22 UTC,2026-09-17 23:52:53 UTC,
15867,AGEL044821-192502A,DESI-072.0873-19.4172,F140W,WFC3,16,complete,"F140W:cached,added_to_ps_config",2026-09-17 23:52:53 UTC,2026-09-17 23:53:05 UTC,
15867,AGEL061815+501821A,DESI-094.5639+50.3059,F140W,WFC3,16,complete,"F140W:cached,added_to_ps_config",2026-09-17 23:53:05 UTC,2026-09-17 23:53:17 UTC,
15867,AGEL075524+344540A,DESI-118.8480+34.7610,F140W,WFC3,16,complete,"F140W:cached,added_to_ps_config",2026-09-17 23:53:17 UTC,2026-09-17 23:53:29 UTC,
15867,AGEL080820+103142A,DESI-122.0852+10.5284,F140W,WFC3,16,complete,F140W:cached,2026-09-17 23:53:29 UTC,2026-09-17 23:53:41 UTC,
15867,AGEL085331+232155A,DESI-133.3800+23.3652,F140W,WFC3,16,complete,"F140W:cached,added_to_ps_config",2026-09-17 23:53:41 UTC,2026-09-17 23:53:53 UTC,
15867,AGEL092315+182943A,DESI-140.8110+18.4954,F140W,WFC3,16,complete,"F140W:cached,added_to_ps_config",2026-09-17 23:53:53 UTC,2026-09-17 23:54:05 UTC,
15867,AGEL101807-000812A,DESI-154.5307-00.1368,F140W,WFC3,16,complete,"F140W:cached,added_to_ps_config",2026-09-17 23:54:05 UTC,2026-09-17 23:54:17 UTC,
15867,AGEL101847-012132A,DESI-154.6972-01.3590,F140W,WFC3,16,complete,"F140W:cached,added_to_ps_config",2026-09-17 23:54:17 UTC,2026-09-17 23:54:29 UTC,
15867,AGEL103255+751854A,DESI-158.2306+75.3149,F140W,WFC3,19,complete,F140W:cached,2026-10-01 21:56:59 UTC,2026-10-01 21:56:59 UTC,"RESOLVED 2026-10-01 (re-run batch 19). Was: FileNotFoundError: Expected TweakReg shiftfile not found. Root cause: sparse IR field (61-95 sources/frame at threshold=5) combined with IR_DRIZZLE_DEFAULTS['tolerance']=10.0, which let xyxymatch pair noise peaks - the 2026-09-17 run left ie5060bcq at rot=359.96deg scale=1.001509 xrms/yrms=4.37/4.72px, and another frame with a NaN row. Raw data were never the problem (3x399.2s, FGSLOCK=FINE; EXPFLAG=INDETERMINATE is normal for WFC3/IR). Fix: TWEAK_PARAM_OVERRIDES in config.py -> tweak_threshold=3, tolerance=1.0, tweak_minobj=8. Re-run matched 15 and 27 pairs with no fit-quality warning. Supersedes the 'bad F140W exposures in 15867' note in hst_notes.txt - the exposures are usable."
15867,AGEL104056-010359A,DESI-160.2351-01.0663,F140W,WFC3,16,complete,F140W:cached,2026-09-17 23:54:33 UTC,2026-09-17 23:54:44 UTC,
15867,AGEL110154-060232A,DESI-165.4754-06.0423,F140W,WFC3,16,complete,"F140W:cached,added_to_ps_config",2026-09-17 23:54:44 UTC,2026-09-17 23:54:56 UTC,
15867,AGEL110245+121111A,DESI-165.6876+12.1864,F140W,WFC3,16,complete,"F140W:cached,added_to_ps_config",2026-09-17 23:54:56 UTC,2026-09-17 23:55:08 UTC,
15867,AGEL120535+411044A,DESI-181.3974+41.1790,F140W,WFC3,16,complete,"F140W:cached,added_to_ps_config",2026-09-17 23:55:08 UTC,2026-09-17 23:55:19 UTC,
15867,AGEL122537-072508A,DESI-186.4028-07.4188,F140W,WFC3,16,complete,"F140W:cached,added_to_ps_config",2026-09-17 23:55:19 UTC,2026-09-17 23:55:30 UTC,
15867,AGEL122719+172557A,DESI-186.8292+17.4324,F140W,WFC3,16,complete,F140W:cached,2026-09-17 23:55:30 UTC,2026-09-17 23:55:41 UTC,
15867,AGEL123736+553343A,DESI-189.4008+55.5619,F140W,WFC3,16,complete,F140W:cached,2026-09-17 23:55:41 UTC,2026-09-17 23:55:52 UTC,
15867,AGEL123809+150151A,DESI-189.5370+15.0309,F140W,WFC3,16,complete,F140W:cached,2026-09-17 23:55:52 UTC,2026-09-17 23:56:04 UTC,
15867,AGEL125146+014256A,DESI-192.9428+01.7155,F140W,WFC3,16,complete,F140W:cached,2026-09-17 23:56:04 UTC,2026-09-17 23:56:16 UTC,
15867,AGEL133041+044015A,DESI-202.6690+04.6707,F140W,WFC3,16,complete,"F140W:cached,added_to_ps_config",2026-09-17 23:56:16 UTC,2026-09-17 23:56:27 UTC,
15867,AGEL133145+513431A,DESI-202.9388+51.5753,F140W,WFC3,16,complete,"F140W:cached,added_to_ps_config",2026-09-17 23:56:27 UTC,2026-09-17 23:56:39 UTC,
15867,AGEL142104+002219A,DESI-215.2654+00.3719,F140W,WFC3,19,complete,F140W:cached,2026-10-01 21:56:59 UTC,2026-10-01 21:56:59 UTC,"RESOLVED 2026-10-01 (re-run batch 19). Was: RuntimeError: Number of output coordinates exceeded allocation (64) - the stsci.stimage xyxymatch output-buffer crash. Root cause: the target failed at 2026-09-17 23:56 UTC, ~1h BEFORE tweak_separation=0.5 was added to config.py (2026-09-18 01:05 UTC), and was never re-queued. No code change was needed - re-ran on the current config and it completed clean."
15867,AGEL142749+081045A,DESI-216.9538+08.1792,F140W,WFC3,16,complete,"F140W:cached,added_to_ps_config",2026-09-17 23:56:44 UTC,2026-09-17 23:56:56 UTC,
15867,AGEL142822+031800A,DESI-217.0936+03.3000,F140W,WFC3,19,complete,F140W:cached,2026-10-01 21:56:59 UTC,2026-10-01 21:56:59 UTC,"RESOLVED 2026-10-01 (re-run batch 19). Was: FileNotFoundError: Expected TweakReg shiftfile not found. Root cause: sparsest field in the set - 13-38 sources/frame at threshold=5, under drizzlepac's minobj=15, so 2 of 3 exposures got NaN shiftfile rows. Raw data good (3x399.2s, DEC_TARG=+3.30000 correct). Fix: TWEAK_PARAM_OVERRIDES in config.py -> tweak_threshold=3, tolerance=1.0, tweak_minobj=8. Re-run matched 16 and 36 pairs with no fit-quality warning. Supersedes the 'bad F140W exposures in 15867' note in hst_notes.txt - the exposures are usable."
15867,AGEL144133-005401A,DESI-220.3861-00.8995,F140W,WFC3,16,complete,F140W:cached,2026-09-17 23:57:00 UTC,2026-09-17 23:57:11 UTC,
15867,AGEL144149+144121A,DESI-220.4549+14.6891,F140W,WFC3,16,complete,F140W:cached,2026-09-17 23:57:11 UTC,2026-09-17 23:57:27 UTC,
15867,AGEL150137+520830A,DESI-225.4050+52.1417,F140W,WFC3,16,complete,"F140W:cached,added_to_ps_config",2026-09-17 23:57:27 UTC,2026-09-17 23:57:39 UTC,
15867,AGEL150511+172042A,DESI-226.2950+17.3451,F140W,WFC3,16,complete,F140W:cached,2026-09-17 23:57:39 UTC,2026-09-17 23:57:52 UTC,
15867,AGEL150925+390140A,DESI-227.3528+39.0279,F140W,WFC3,16,complete,"F140W:cached,added_to_ps_config",2026-09-17 23:57:52 UTC,2026-09-17 23:58:04 UTC,
15867,AGEL151009+203725A,DESI-227.5364+20.6236,F140W,WFC3,16,complete,F140W:cached,2026-09-17 23:58:04 UTC,2026-09-17 23:58:16 UTC,
15867,AGEL152509+422753A,DESI-231.2858+42.4643,F140W,WFC3,16,complete,"F140W:cached,added_to_ps_config",2026-09-17 23:58:16 UTC,2026-09-17 23:58:28 UTC,
15867,AGEL153755+144324A,DESI-234.4783+14.7232,F140W,WFC3,16,complete,"F140W:cached,added_to_ps_config",2026-09-17 23:58:28 UTC,2026-09-17 23:58:39 UTC,
15867,AGEL153929+165016A,DESI-234.8707+16.8379,F140W,WFC3,16,complete,F140W:cached,2026-09-17 23:58:39 UTC,2026-09-17 23:58:50 UTC,
15867,AGEL155417+044339A,DESI-238.5690+04.7276,F140W,WFC3,16,complete,"F140W:cached,added_to_ps_config",2026-09-17 23:58:50 UTC,2026-09-17 23:59:02 UTC,
15867,AGEL162300+213721A,DESI-245.7514+21.6226,F140W,WFC3,16,complete,"F140W:cached,added_to_ps_config",2026-09-17 23:59:02 UTC,2026-09-17 23:59:14 UTC,
15867,AGEL162401+012901A,DESI-246.0062+01.4836,F140W,WFC3,16,complete,"F140W:cached,added_to_ps_config",2026-09-17 23:59:14 UTC,2026-09-17 23:59:26 UTC,
15867,AGEL165140+280517A,DESI-252.9173+28.0881,F140W,WFC3,16,complete,"F140W:cached,added_to_ps_config",2026-09-17 23:59:26 UTC,2026-09-17 23:59:38 UTC,
15867,AGEL165742+344858A,DESI-254.4235+34.8162,F140W,WFC3,16,complete,"F140W:cached,added_to_ps_config",2026-09-17 23:59:38 UTC,2026-09-17 23:59:49 UTC,
15867,AGEL170944+315417A,DESI-257.4348+31.9046,F140W,WFC3,16,complete,"F140W:cached,added_to_ps_config",2026-09-17 23:59:49 UTC,2026-09-18 00:00:00 UTC,
15867,AGEL171922+244117A,DESI-259.8396+24.6880,F140W,WFC3,16,complete,"F140W:cached,added_to_ps_config",2026-09-18 00:00:00 UTC,2026-09-18 00:00:12 UTC,
15867,AGEL183520+460627A,DESI-278.8338+46.1076,F140W,WFC3,16,complete,F140W:cached,2026-09-18 00:00:12 UTC,2026-09-18 00:00:24 UTC,
15867,AGEL193558+580909A,DESI-293.9927+58.1525,F140W,WFC3,16,complete,F140W:cached,2026-09-18 00:00:24 UTC,2026-09-18 00:00:36 UTC,
15867,AGEL204312-060954A,DESI-310.8019-06.1649,F140W,WFC3,16,complete,"F140W:cached,added_to_ps_config",2026-09-18 00:00:36 UTC,2026-09-18 00:00:48 UTC,
15867,AGEL215122+134718A,DESI-327.8408+13.7884,F140W,WFC3,16,complete,F140W:cached,2026-09-18 00:00:48 UTC,2026-09-18 00:00:59 UTC,
15867,AGEL215844+025730A,DESI-329.6820+02.9584,F140W,WFC3,16,complete,"F140W:cached,added_to_ps_config",2026-09-18 00:00:59 UTC,2026-09-18 00:01:10 UTC,
15867,AGEL231812-110604A,DESI-349.5492-11.1012,F140W,WFC3,16,complete,"F140W:cached,added_to_ps_config",2026-09-18 00:01:10 UTC,2026-09-18 00:01:22 UTC,
16773,AGEL000316-334804A,DESJ0003-3348,"F140W,F200LP",WFC3,8,complete,"F140W:cached,F200LP:cached",2026-08-17 16:52:35 UTC,2026-08-17 16:53:59 UTC,
16773,AGEL000645-442950A,DESJ0006-4429,"F140W,F200LP",WFC3,8,complete,"F140W:cached,F200LP:cached",2026-08-17 16:53:59 UTC,2026-08-17 16:55:17 UTC,
16773,AGEL000729-443446A,DESJ0007-4434,"F140W,F200LP",WFC3,8,complete,"F140W:cached,F200LP:cached",2026-08-17 16:55:17 UTC,2026-08-17 16:56:37 UTC,
16773,AGEL001030-431515A,DESJ0010-4315,"F140W,F200LP",WFC3,19,complete,"F140W:cached,F200LP:downloaded,alt_run_files:2",2026-10-01 21:56:59 UTC,2026-10-01 21:56:59 UTC,"RESOLVED 2026-10-01 (re-run batch 19). Was: NoOverlapError: Arrays do not overlap - not a data problem. 16773_targets.csv carried RAJ2000,DECJ2000 = 2.6000973,-43.238877, which is 85.4arcsec from the real position and off the F140W frame, so Cutout2D had nothing to cut. Parent-Catalogue-All_targets.csv and the exposure headers (RA_TARG=2.62678, DEC_TARG=-43.254) both give 2.626778,-43.254127, where the F140W flux is ~9000x sky (median 2.77 vs 0.0003 e/s) - the lens galaxy. Fix: coordinates corrected in 16773_targets.csv (backup: 16773_targets.csv.bak_20261001). F140W still has only 1 usable exposure so TweakReg is skipped by design for that band."
16773,AGEL001310+004004A,DESJ0013+0040,"F140W,F200LP",WFC3,9,complete,"F140W:cached,F200LP:cached,alt_run_files:3",2026-08-17 21:06:43 UTC,2026-08-17 21:08:27 UTC,
16773,AGEL004257-371858A,DESJ0042-3718,"F140W,F200LP",WFC3,8,complete,"F140W:cached,F200LP:cached",2026-08-17 16:58:16 UTC,2026-08-17 16:59:35 UTC,
16773,AGEL010158-491738A,DESJ0101-4917,"F140W,F200LP",WFC3,14,complete,"F140W:cached,F200LP:cached,alt_run_files:3",2026-09-17 20:30:10 UTC,2026-09-17 20:31:29 UTC,
16773,AGEL010238+015857A,DESJ0102+0158,"F140W,F200LP",WFC3,14,complete,"F140W:cached,F200LP:cached",2026-09-17 20:31:29 UTC,2026-09-17 20:32:46 UTC,
16773,AGEL010520+014457A,DESJ0105+0144,"F140W,F200LP",WFC3,8,complete,"F140W:cached,F200LP:cached",2026-08-17 17:01:01 UTC,2026-08-17 17:02:26 UTC,
16773,AGEL012429-291856A,DESJ0124-2918,"F140W,F200LP",WFC3,8,complete,"F140W:cached,F200LP:cached",2026-08-17 17:02:26 UTC,2026-08-17 17:03:46 UTC,
16773,AGEL013355-643413A,DESJ0133-6434,"F140W,F200LP",WFC3,9,complete,"F140W:cached,F200LP:cached,added_to_ps_config",2026-08-17 21:08:27 UTC,2026-08-17 21:08:49 UTC,
16773,AGEL014106-171324A,DESJ0141-1713,"F140W,F200LP",WFC3,9,complete,"F140W:cached,F200LP:cached,added_to_ps_config",2026-08-17 21:08:49 UTC,2026-08-17 21:10:13 UTC,
16773,AGEL014253-183116A,DESJ0142-1831,"F140W,F200LP",WFC3,9,complete,"F140W:cached,F200LP:cached,alt_run_files:3",2026-08-17 21:10:13 UTC,2026-08-17 21:11:35 UTC,
16773,AGEL020613-011417A,DESJ0206-0114,"F140W,F200LP",WFC3,9,complete,"F140W:cached,F200LP:cached",2026-08-17 21:11:35 UTC,2026-08-17 21:12:57 UTC,
16773,AGEL021225-085211A,DESJ0212-0852,"F140W,F200LP",WFC3,9,complete,"F140W:cached,F200LP:cached,alt_run_files:3",2026-08-17 21:12:57 UTC,2026-08-17 21:14:17 UTC,
16773,AGEL021408-020629A,DCLS0214-0206,"F140W,F200LP",WFC3,9,complete,"F140W:cached,F200LP:cached,alt_run_files:3",2026-08-17 21:14:17 UTC,2026-08-17 21:15:35 UTC,
16773,AGEL022709-471856A,DESJ0227-4718,"F140W,F200LP",WFC3,9,complete,"F140W:cached,F200LP:cached,added_to_ps_config",2026-08-17 21:15:35 UTC,2026-08-17 21:15:55 UTC,
16773,AGEL024229-294305A,DESJ0242-2943,"F140W,F200LP",WFC3,9,complete,"F140W:cached,F200LP:cached,added_to_ps_config",2026-08-17 21:15:55 UTC,2026-08-17 21:17:15 UTC,
16773,AGEL024303-000600A,DESJ0243-0006,"F140W,F200LP",WFC3,14,complete,"F140W:cached,F200LP:cached",2026-09-17 20:32:46 UTC,2026-09-17 20:34:04 UTC,
16773,AGEL025029-410418A,DESJ0250-4104,"F140W,F200LP",WFC3,10,complete,"F140W:cached,F200LP:cached,added_to_ps_config",2026-08-17 21:20:58 UTC,2026-08-17 21:21:21 UTC,
16773,AGEL025220-473238A,DESJ0252-4732,"F140W,F200LP",WFC3,10,complete,"F140W:cached,F200LP:cached,alt_run_files:3",2026-08-17 21:21:21 UTC,2026-08-17 21:22:46 UTC,
16773,AGEL030022-500129A,DESJ0300-5001,"F140W,F200LP",WFC3,14,complete,"F140W:cached,F200LP:cached,alt_run_files:3",2026-09-17 20:34:04 UTC,2026-09-17 20:35:20 UTC,
16773,AGEL032216-523440A,DESJ0322-5234,"F140W,F200LP",WFC3,10,complete,"F140W:cached,F200LP:cached,added_to_ps_config",2026-08-17 21:23:28 UTC,2026-08-17 21:24:48 UTC,
16773,AGEL032904-565658A,DESJ0329-5656,"F140W,F200LP",WFC3,10,complete,"F140W:cached,F200LP:cached",2026-08-17 21:24:48 UTC,2026-08-17 21:25:08 UTC,
16773,AGEL033203-132510A,DCLS0332-1325,"F140W,F200LP",WFC3,10,complete,"F140W:cached,F200LP:cached,alt_run_files:3",2026-08-17 21:25:08 UTC,2026-08-17 21:26:28 UTC,"COVERAGE NOTE 2026-10-01: the catalogue companion AGEL033203-132510B is 28.9arcsec from this A position - the only B companion in any of the three catalogues that is NOT at identical coordinates to its A target. It falls well inside both drizzled frames (F140W and F200LP) but OUTSIDE the 25arcsec cutout centred on A, so it has no lenstronomy cutout of its own. No re-reduction needed; if B is to be modelled, build a cutout centred on 53.010641,-13.419497 from the existing drizzles."
16773,AGEL034131-513045A,DESJ0341-5130,"F140W,F200LP",WFC3,10,complete,"F140W:cached,F200LP:cached,added_to_ps_config",2026-08-17 21:26:28 UTC,2026-08-17 21:26:51 UTC,
16773,AGEL035346-170639A,DCLS0353-1706,"F140W,F200LP",WFC3,10,complete,"F140W:cached,F200LP:cached,added_to_ps_config",2026-08-17 21:26:51 UTC,2026-08-17 21:27:11 UTC,
16773,AGEL035606-560729A,DESJ0356-5607,"F140W,F200LP",WFC3,10,complete,"F140W:cached,F200LP:cached,added_to_ps_config",2026-08-17 21:27:11 UTC,2026-08-17 21:28:31 UTC,
16773,AGEL040823-532714A,DESJ0408-5327,"F140W,F200LP",WFC3,10,complete,"F140W:cached,F200LP:cached,alt_run_files:3",2026-08-17 21:28:31 UTC,2026-08-17 21:29:51 UTC,
16773,AGEL041645-552500A,DESJ0416-5525,"F140W,F200LP",WFC3,15,complete,"F140W:cached,F200LP:cached,alt_run_files:3",2026-09-17 21:28:43 UTC,2026-09-17 21:30:00 UTC,
16773,AGEL042439-331742A,DESJ0424-3317,"F140W,F200LP",WFC3,15,complete,"F140W:cached,F200LP:cached,added_to_ps_config",2026-09-17 21:30:00 UTC,2026-09-17 21:31:17 UTC,
16773,AGEL042816-321800A,DESJ0428-3218,"F140W,F200LP",WFC3,15,complete,"F140W:cached,F200LP:cached,added_to_ps_config",2026-09-17 21:31:17 UTC,2026-09-17 21:32:34 UTC,
16773,AGEL043806-322852A,DESJ0438-3228,"F140W,F200LP",WFC3,15,complete,"F140W:cached,F200LP:cached,alt_run_files:3",2026-09-17 21:32:34 UTC,2026-09-17 21:33:49 UTC,
16773,AGEL053724-464702A,DESJ0537-4647,"F140W,F200LP",WFC3,15,complete,"F140W:cached,F200LP:cached,alt_run_files:3",2026-09-17 21:33:49 UTC,2026-09-17 21:35:03 UTC,
16773,AGEL053746-471120A,DESJ0537-4711,"F140W,F200LP",WFC3,15,complete,"F140W:cached,F200LP:cached,added_to_ps_config",2026-09-17 21:35:03 UTC,2026-09-17 21:36:18 UTC,
16773,AGEL060357-355806A,DESJ0603-3558,"F140W,F200LP",WFC3,15,complete,"F140W:cached,F200LP:cached",2026-09-17 21:36:18 UTC,2026-09-17 21:37:35 UTC,
16773,AGEL060359-355835A,DESJ0603-3558A,"F140W,F200LP",WFC3,15,complete,"F140W:cached,F200LP:cached,added_to_ps_config",2026-09-17 21:37:35 UTC,2026-09-17 21:38:53 UTC,
16773,AGEL085413-042409A,DCLS0854-0424,"F140W,F200LP",WFC3,15,complete,"F140W:cached,F200LP:cached,added_to_ps_config",2026-09-17 21:38:53 UTC,2026-09-17 21:40:11 UTC,
16773,AGEL090115+095624A,DESI-135.3125+09.9401,"F140W,F200LP",WFC3,15,complete,"F140W:cached,F200LP:cached,alt_run_files:3",2026-09-17 21:40:11 UTC,2026-09-17 21:41:26 UTC,
16773,AGEL094412+322039A,DCLS0944+3220,"F140W,F200LP",WFC3,15,complete,"F140W:cached,F200LP:cached,alt_run_files:3",2026-09-17 21:41:26 UTC,2026-09-17 21:42:44 UTC,
16773,AGEL105100-055628A,DLS432021848,"F140W,F200LP",WFC3,15,complete,"F140W:cached,F200LP:cached,alt_run_files:3",2026-09-17 21:42:44 UTC,2026-09-17 21:43:06 UTC,
16773,AGEL131330-064211A,DCLS1313-0642,"F140W,F200LP",WFC3,15,complete,"F140W:cached,F200LP:cached,alt_run_files:3",2026-09-17 21:43:06 UTC,2026-09-17 21:44:25 UTC,
16773,AGEL132227-050135A,DCLS1322-0501,"F140W,F200LP",WFC3,15,complete,"F140W:downloaded,F200LP:downloaded",2026-09-17 21:44:25 UTC,2026-09-17 21:46:31 UTC,
16773,AGEL132304+034319A,DCLS1323+0343,"F140W,F200LP",WFC3,15,complete,"F140W:cached,F200LP:cached",2026-09-17 21:46:31 UTC,2026-09-17 21:47:50 UTC,
16773,AGEL132557+263659A,DCLS1325+2636,"F140W,F200LP",WFC3,15,complete,"F140W:cached,F200LP:cached",2026-09-17 21:47:50 UTC,2026-09-17 21:49:08 UTC,
16773,AGEL140839+253104A,DCLS1408+2531,"F140W,F200LP",WFC3,15,complete,"F140W:cached,F200LP:cached",2026-09-17 21:49:08 UTC,2026-09-17 21:50:26 UTC,
16773,AGEL142719-064515A,DCLS1427-0645,"F140W,F200LP",WFC3,15,complete,"F140W:cached,F200LP:cached",2026-09-17 21:50:26 UTC,2026-09-17 21:51:46 UTC,
16773,AGEL144431+241843A,DCLS1444+2418,"F140W,F200LP",WFC3,19,complete,"F140W:cached,F200LP:cached,added_to_ps_config",2026-10-01 21:56:59 UTC,2026-10-01 21:56:59 UTC,"RESOLVED 2026-10-01 (re-run batch 19). Was: RuntimeError: Number of output coordinates exceeded allocation (18) - same xyxymatch output-buffer crash as AGEL142104+002219A, and the same cause: it failed 2026-09-17 21:51 UTC, before tweak_separation=0.5 was added, and was never re-queued. No code change needed. Both bands now complete (F200LP had no products at all before this re-run)."
16773,AGEL144640-000350A,DCLS1446-0003,"F140W,F200LP",WFC3,15,complete,"F140W:cached,F200LP:cached,added_to_ps_config",2026-09-17 21:51:51 UTC,2026-09-17 21:53:08 UTC,
16773,AGEL144743-065709A,DCLS1447-0657,"F140W,F200LP",WFC3,15,complete,"F140W:cached,F200LP:cached",2026-09-17 21:53:08 UTC,2026-09-17 21:54:26 UTC,
16773,AGEL144802-081249A,DCLS1448-0812,"F140W,F200LP",WFC3,15,complete,"F140W:cached,F200LP:cached,added_to_ps_config",2026-09-17 21:54:26 UTC,2026-09-17 21:55:42 UTC,
16773,AGEL150745+052256A,DCLS1507+0522,"F140W,F200LP",WFC3,15,complete,"F140W:cached,F200LP:cached,added_to_ps_config",2026-09-17 21:55:42 UTC,2026-09-17 21:56:59 UTC,
16773,AGEL172703+110008A,DCLS1727+1100,"F140W,F200LP",WFC3,15,complete,"F140W:cached,F200LP:cached,added_to_ps_config",2026-09-17 21:56:59 UTC,2026-09-17 21:58:16 UTC,
16773,AGEL201419-575701A,DESJ2014-5757,"F140W,F200LP",WFC3,15,complete,"F140W:cached,F200LP:cached,added_to_ps_config",2026-09-17 21:58:16 UTC,2026-09-17 21:59:38 UTC,
16773,AGEL203911-545945A,DESJ2039-5459,"F140W,F200LP",WFC3,15,complete,"F140W:cached,F200LP:cached,added_to_ps_config",2026-09-17 21:59:38 UTC,2026-09-17 22:00:56 UTC,
16773,AGEL204555+003148A,DCLS2045+0031,"F140W,F200LP",WFC3,15,complete,"F140W:cached,F200LP:cached,added_to_ps_config",2026-09-17 22:00:56 UTC,2026-09-17 22:02:13 UTC,
16773,AGEL205616-423857A,DESJ2056-4238,"F140W,F200LP",WFC3,15,complete,"F140W:cached,F200LP:cached,added_to_ps_config",2026-09-17 22:02:13 UTC,2026-09-17 22:03:34 UTC,
16773,AGEL211005-563931A,DESJ2110-5639,"F140W,F200LP",WFC3,15,complete,"F140W:cached,F200LP:cached,added_to_ps_config",2026-09-17 22:03:34 UTC,2026-09-17 22:04:52 UTC,
16773,AGEL211243+000921A,DESJ2112+0009,"F140W,F200LP",WFC3,15,complete,"F140W:cached,F200LP:cached,added_to_ps_config",2026-09-17 22:04:52 UTC,2026-09-17 22:06:13 UTC,
16773,AGEL211515+101153A,DCLS2115+1011,"F140W,F200LP",WFC3,15,complete,"F140W:cached,F200LP:cached,added_to_ps_config",2026-09-17 22:06:13 UTC,2026-09-17 22:07:33 UTC,
16773,AGEL211627-594702A,DESJ2116-5947,"F140W,F200LP",WFC3,15,complete,"F140W:cached,F200LP:cached",2026-09-17 22:07:33 UTC,2026-09-17 22:08:52 UTC,
16773,AGEL212326+015312A,CSWA157,"F140W,F200LP",WFC3,15,complete,"F140W:cached,F200LP:cached,added_to_ps_config",2026-09-17 22:08:52 UTC,2026-09-17 22:10:16 UTC,
16773,AGEL212447-412816A,DESJ2124-4128,"F140W,F200LP",WFC3,15,complete,"F140W:cached,F200LP:cached",2026-09-17 22:10:16 UTC,2026-09-17 22:11:38 UTC,
16773,AGEL212512-650427A,DESJ2125-6504,"F140W,F200LP",WFC3,15,complete,"F140W:cached,F200LP:cached,added_to_ps_config",2026-09-17 22:11:38 UTC,2026-09-17 22:13:01 UTC,
16773,AGEL213758-012924A,DESJ2137-0129,"F140W,F200LP",WFC3,15,complete,"F140W:cached,F200LP:cached",2026-09-17 22:13:01 UTC,2026-09-17 22:14:21 UTC,
16773,AGEL214915-001252A,DESJ2149-0012,"F140W,F200LP",WFC3,15,complete,"F140W:cached,F200LP:cached,added_to_ps_config",2026-09-17 22:14:21 UTC,2026-09-17 22:15:39 UTC,
16773,AGEL221912-434835A,DESJ2219-4348,"F140W,F200LP",WFC3,15,complete,"F140W:cached,F200LP:cached,alt_run_files:3",2026-09-17 22:15:39 UTC,2026-09-17 22:16:59 UTC,
16773,AGEL222609+004142A,DESJ2226+0041,"F140W,F200LP",WFC3,15,complete,"F140W:cached,F200LP:cached",2026-09-17 22:16:59 UTC,2026-09-17 22:18:19 UTC,
16773,AGEL224400+124540A,DCLS2244+1245,"F140W,F200LP",WFC3,15,complete,"F140W:cached,F200LP:cached,added_to_ps_config",2026-09-17 22:18:19 UTC,2026-09-17 22:19:37 UTC,
16773,AGEL224405+275916A,CSWA129,"F140W,F200LP",WFC3,15,complete,"F140W:cached,F200LP:cached",2026-09-17 22:19:37 UTC,2026-09-17 22:20:55 UTC,
16773,AGEL230305-511502A,DESJ2303-5115,"F140W,F200LP",WFC3,15,complete,"F140W:cached,F200LP:cached",2026-09-17 22:20:55 UTC,2026-09-17 22:22:12 UTC,
16773,AGEL232128-463049A,DESJ2321-4630,"F140W,F200LP",WFC3,15,complete,"F140W:cached,F200LP:cached,alt_run_files:3",2026-09-17 22:22:12 UTC,2026-09-17 22:23:29 UTC,
16773,AGEL233459-640407A,DESJ2334-6404,"F140W,F200LP",WFC3,15,complete,"F140W:cached,F200LP:cached,added_to_ps_config",2026-09-17 22:23:29 UTC,2026-09-17 22:24:49 UTC,
16773,AGEL233552-515218A,DESJ2335-5152,"F140W,F200LP",WFC3,15,complete,"F140W:cached,F200LP:cached,alt_run_files:3",2026-09-17 22:24:49 UTC,2026-09-17 22:26:08 UTC,
16773,AGEL233610-020735A,PS1J2336,"F140W,F200LP",WFC3,15,complete,"F140W:cached,F200LP:cached,alt_run_files:3",2026-09-17 22:26:08 UTC,2026-09-17 22:27:31 UTC,
16773,AGEL234930-511339A,DESJ2349-5113,"F140W,F200LP",WFC3,15,complete,"F140W:cached,F200LP:cached,added_to_ps_config",2026-09-17 22:27:31 UTC,2026-09-17 22:28:51 UTC,
17307,AGEL001030-431515A,DESJ0010-4315,F606W,ACS,19,complete,"F606W:cached,alt_run_files:1",2026-10-01 21:58:46 UTC,2026-10-01 21:58:46 UTC,"RESOLVED 2026-10-01 (re-run batch 19). Was: NoOverlapError: Arrays do not overlap - not a data problem. 17307_targets.csv carried the same corrupted coordinate as the 16773 row (RAJ2000,DECJ2000 = 2.6000973,-43.238877), 85.4arcsec from the real position and outside the ACS drc frame, so Cutout2D had nothing to cut. Parent-Catalogue-All_targets.csv and the exposure headers (RA_TARG=2.62678, DEC_TARG=-43.254) both give 2.626778,-43.254127. Fix: coordinates corrected in 17307_targets.csv (backup: 17307_targets.csv.bak_20261001). The drizzled ACS products were good all along - only the cutout/postage steps had failed."
17307,AGEL005055-172033A,DCLS0050-1720,F606W,ACS,1,complete,F606W:cached,2026-08-12 17:40:21 UTC,2026-08-12 17:41:48 UTC,
17307,AGEL011759-052718A,DESJ0117-0527,F606W,ACS,14,complete,F606W:cached,2026-09-17 20:35:20 UTC,2026-09-17 20:36:40 UTC,
17307,AGEL012259-022705A,DES0122-0207,F606W,ACS,1,complete,F606W:cached,2026-08-12 17:42:24 UTC,2026-08-12 17:43:49 UTC,
17307,AGEL012441-015734A,DCLS0124-0157,F606W,ACS,1,complete,F606W:cached,2026-08-12 17:43:49 UTC,2026-08-12 17:45:11 UTC,
17307,AGEL013003-374458A,DES0130-3744,F606W,ACS,1,complete,F606W:cached,2026-08-12 17:45:11 UTC,2026-08-12 17:46:29 UTC,
17307,AGEL013322-125201A,DCLS0133-1252,F606W,ACS,1,complete,F606W:cached,2026-08-12 17:46:29 UTC,2026-08-12 17:47:54 UTC,
17307,AGEL014327-085021A,DESJ0143-0850,F606W,ACS,1,complete,F606W:cached,2026-08-12 17:47:54 UTC,2026-08-12 17:49:21 UTC,
17307,AGEL014359+125610A,DCLS0143+1256,F606W,ACS,1,complete,F606W:cached,2026-08-12 17:49:21 UTC,2026-08-12 17:50:47 UTC,
17307,AGEL014504-045551A,DESJ0145-0455,F606W,ACS,1,complete,F606W:cached,2026-08-12 17:50:47 UTC,2026-08-12 17:52:05 UTC,
17307,AGEL014556+040229A,DESJ0145+0402,F606W,ACS,2,bad_data,,2026-08-12 17:57:33 UTC,2026-08-12 17:58:46 UTC,"NoOverlapError: Arrays do not overlap. | DIAGNOSIS 2026-10-01: BAD DATA - HST was pointed at the wrong declination. The exposure headers have RA_TARG=26.48478, which matches the catalogue exactly, but DEC_TARG=+4.41000 against a true +4.04139: a dropped '0' in the decimal fraction (4.0414 -> 4.414 -> 4.41). The pointing is 1327arcsec (22 arcmin) from the lens, which lands ~20850px outside the drizzled frame. Both 337s exposures are EXPFLAG=NORMAL/FGSLOCK=FINE, so the frames are technically clean - they are simply blank sky. Confirms hst_notes.txt 'bad HST target coordinates in 17307 exposures'. | UNRECOVERABLE: needs re-observation. No re-reduction can help; do not re-queue."
17307,AGEL015825-003959A,DES0158-0040,F606W,ACS,2,complete,F606W:cached,2026-08-12 17:58:46 UTC,2026-08-12 18:00:18 UTC,
17307,AGEL023211+001339A,HSCJ023211+001339,F606W,ACS,14,complete,F606W:cached,2026-09-17 20:36:40 UTC,2026-09-17 20:38:00 UTC,
17307,AGEL030416-492126A,DES0304-4921,F606W,ACS,2,complete,F606W:cached,2026-08-12 18:00:56 UTC,2026-08-12 18:02:33 UTC,
17307,AGEL032325-593233A,DES0321-5914,F606W,ACS,2,complete,F606W:cached,2026-08-12 18:02:33 UTC,2026-08-12 18:04:08 UTC,
17307,AGEL035714-475647A,DES0357-4756,F606W,ACS,2,complete,F606W:cached,2026-08-12 18:04:08 UTC,2026-08-12 18:05:47 UTC,
17307,AGEL041810-545735A,DESJ0418-5457,F606W,ACS,2,complete,F606W:cached,2026-08-12 18:05:47 UTC,2026-08-12 18:07:28 UTC,
17307,AGEL042225-403156A,DESJ0422-4031,F606W,ACS,2,complete,F606W:cached,2026-08-12 18:07:28 UTC,2026-08-12 18:09:12 UTC,
17307,AGEL053349-253654A,DESJ0533-2536,F606W,ACS,14,complete,F606W:cached,2026-09-17 20:38:00 UTC,2026-09-17 20:39:18 UTC,
17307,AGEL073726+665837A,DESI-114.3573+66.9769,F606W,ACS,2,complete,F606W:cached,2026-08-12 18:09:59 UTC,2026-08-12 18:11:29 UTC,
17307,AGEL075504+122235A,DCLS0755+1222,F606W,ACS,3,complete,F606W:cached,2026-08-12 19:29:45 UTC,2026-08-12 19:32:11 UTC,
17307,AGEL082017+643112A,DESI-125.0716+64.5201,F606W,ACS,3,complete,F606W:cached,2026-08-12 19:32:11 UTC,2026-08-12 19:33:28 UTC,
17307,AGEL085920+391702A,DESI-134.8336+39.2838,F606W,ACS,3,complete,F606W:cached,2026-08-12 19:33:28 UTC,2026-08-12 19:34:45 UTC,
17307,AGEL091433+301620A,DCLS0914+3016,F606W,ACS,3,complete,F606W:cached,2026-08-12 19:34:45 UTC,2026-08-12 19:36:08 UTC,
17307,AGEL091935+303156A,DLS210207,F606W,ACS,3,complete,F606W:cached,2026-08-12 19:36:08 UTC,2026-08-12 19:37:33 UTC,
17307,AGEL101103-001649A,DELJ101103-001649,F606W,ACS,14,complete,F606W:cached,2026-09-17 20:39:18 UTC,2026-09-17 20:40:39 UTC,
17307,AGEL102643-023319A,DELJ102643-023319,F606W,ACS,3,complete,F606W:cached,2026-08-12 19:38:08 UTC,2026-08-12 19:39:27 UTC,
17307,AGEL103255+751854A,DESI-158.2306+75.3149,F606W,ACS,3,complete,F606W:cached,2026-08-12 19:39:27 UTC,2026-08-12 19:40:48 UTC,
17307,AGEL103858-354726A,DELJ103858-354726,F606W,ACS,3,complete,F606W:cached,2026-08-12 19:40:48 UTC,2026-08-12 19:42:08 UTC,
17307,AGEL104041+185052A,DESI-160,F606W,ACS,3,complete,F606W:cached,2026-08-12 19:42:08 UTC,2026-08-12 19:43:33 UTC,
17307,AGEL110419-425746A,DELJ110419-425746,F606W,ACS,4,complete,F606W:cached,2026-08-12 19:46:41 UTC,2026-08-12 19:48:09 UTC,
17307,AGEL111800-153227A,DELJ111800-153227,F606W,ACS,14,complete,F606W:cached,2026-09-17 20:40:39 UTC,2026-09-17 20:41:53 UTC,
17307,AGEL112354+505149A,DESI-171.0040+50.8683,F606W,ACS,14,complete,F606W:cached,2026-09-17 20:41:53 UTC,2026-09-17 20:43:16 UTC,
17307,AGEL113521+714307A,DESI-173.8651+71.7367,F606W,ACS,4,complete,F606W:cached,2026-08-12 19:49:18 UTC,2026-08-12 19:50:34 UTC,
17307,AGEL131231+725054A,DESI-198.1293+72.8484,F606W,ACS,4,complete,F606W:cached,2026-08-12 19:50:34 UTC,2026-08-12 19:51:54 UTC,
17307,AGEL143408-001311A,HSCJ143408-001311,F606W,ACS,4,complete,F606W:cached,2026-08-12 19:51:54 UTC,2026-08-12 19:53:17 UTC,
17307,AGEL144149+144121A,CSWA20,F606W,ACS,14,complete,F606W:cached,2026-09-17 20:43:16 UTC,2026-09-17 20:44:38 UTC,
17307,AGEL145848+055359A,DCLS1458+0553,F606W,ACS,4,complete,F606W:cached,2026-08-12 19:53:51 UTC,2026-08-12 19:55:14 UTC,
17307,AGEL151048+630325A,DESI-227.7011+63.0570,F606W,ACS,4,complete,F606W:cached,2026-08-12 19:55:14 UTC,2026-08-12 19:56:40 UTC,
17307,AGEL165046+612939A,DESI-252.6907+61.4942,F606W,ACS,4,complete,F606W:cached,2026-08-12 19:56:40 UTC,2026-08-12 19:58:04 UTC,
17307,AGEL170332+631417A,DESI-255.8840+63.2381,F606W,ACS,5,complete,F606W:cached,2026-08-17 15:59:28 UTC,2026-08-17 16:01:05 UTC,
17307,AGEL184141+741405A,DESI-280.4220+74.2348,F606W,ACS,5,complete,F606W:cached,2026-08-17 16:01:05 UTC,2026-08-17 16:02:24 UTC,
17307,AGEL210607-441154A,DESJ2106-4411,F606W,ACS,5,complete,F606W:cached,2026-08-17 16:02:24 UTC,2026-08-17 16:03:47 UTC,
17307,AGEL212252-005949A,DES2122-0059,F606W,ACS,5,complete,F606W:cached,2026-08-17 16:03:47 UTC,2026-08-17 16:05:09 UTC,
17307,AGEL212707-514951A,DESJ2127-5149,F606W,ACS,5,complete,F606W:cached,2026-08-17 16:05:09 UTC,2026-08-17 16:06:39 UTC,
17307,AGEL221638-441920A,DESJ2216-4419,F606W,ACS,5,complete,F606W:cached,2026-08-17 16:06:39 UTC,2026-08-17 16:08:04 UTC,
17307,AGEL224504-501725A,DESJ2245-5017,F606W,ACS,14,complete,F606W:cached,2026-09-17 20:44:38 UTC,2026-09-17 20:45:59 UTC,
17307,AGEL225607+012534A,HSCJ225607+012534,F606W,ACS,5,complete,F606W:cached,2026-08-17 16:08:40 UTC,2026-08-17 16:10:05 UTC,
17307,AGEL233607-535236A,DES2336-5352,F606W,ACS,14,complete,F606W:cached,2026-09-17 20:45:59 UTC,2026-09-17 20:47:17 UTC,
17307,AGEL093440+440957,DESI-143.6683+44.1658,F606W,ACS,5,complete,F606W:cached,2026-08-17 16:10:41 UTC,2026-08-17 16:12:10 UTC,
17307,AGEL015009-030438A,DESJ0150-0304,F606W,ACS,6,bad_data,,2026-08-17 16:13:44 UTC,2026-08-17 16:14:52 UTC,"NoOverlapError: Arrays do not overlap. | DIAGNOSIS 2026-10-01: BAD DATA - same wrong-declination pointing error as AGEL014556+040229A. RA_TARG=27.53787 matches the catalogue; DEC_TARG=-3.77000 against a true -3.077297 (dropped '0': 3.0773 -> 3.773 -> 3.77). Pointing is 2494arcsec (42 arcmin) off, putting the lens ~53200px outside the drizzled frame. Both 337s exposures are EXPFLAG=NORMAL. Confirms hst_notes.txt 'bad HST target coordinates in 17307 exposures'. | UNRECOVERABLE: needs re-observation; do not re-queue."
17307,AGEL010520+014457A,CSWA165,F606W,ACS,6,complete,F606W:cached,2026-08-17 16:14:52 UTC,2026-08-17 16:16:16 UTC,
17307,AGEL015643-101100A,DESJ0156-1011,F606W,ACS,6,complete,F606W:cached,2026-08-17 16:16:16 UTC,2026-08-17 16:17:38 UTC,
17307,AGEL014433-114212A,DESJ0144-1142,F606W,ACS,14,complete,F606W:cached,2026-09-17 20:47:17 UTC,2026-09-17 20:48:36 UTC,
17307,AGEL012453-144303A,DESJ0124-1443,F606W,ACS,14,complete,F606W:cached,2026-09-17 20:48:36 UTC,2026-09-17 20:50:00 UTC,
17307,AGEL014919-134905A,DCLS0149-1349,F606W,ACS,14,complete,F606W:cached,2026-09-17 20:50:00 UTC,2026-09-17 20:51:23 UTC,
17307,AGEL014504-045551A,CSWA103,F606W,ACS,6,complete,F606W:cached,2026-08-17 16:19:25 UTC,2026-08-17 16:20:43 UTC,
17307,AGEL014235-164818A,DESJ0142-1648,F606W,ACS,6,complete,F606W:cached,2026-08-17 16:20:43 UTC,2026-08-17 16:22:06 UTC,
17307,AGEL013719-083056A,DESJ0137-0830,F606W,ACS,6,complete,F606W:cached,2026-08-17 16:22:06 UTC,2026-08-17 16:23:34 UTC,
17307,AGEL051603-220847A,DESJ0516-2208,F606W,ACS,6,complete,F606W:cached,2026-08-17 16:23:34 UTC,2026-08-17 16:24:59 UTC,
17307,AGEL025052-552412A,DESJ0250-5524,F606W,ACS,7,complete,F606W:cached,2026-08-17 16:27:51 UTC,2026-08-17 16:29:15 UTC,
17307,AGEL113723+602220A,DESI-174.3445+60.3723,F606W,ACS,7,complete,F606W:cached,2026-08-17 16:29:15 UTC,2026-08-17 16:30:44 UTC,
17307,AGEL110725+245943A,DCLS1107+2459,F606W,ACS,7,complete,F606W:cached,2026-08-17 16:30:44 UTC,2026-08-17 16:32:09 UTC,
17307,AGEL064100+642915A,DESI-100.2516+64.4877,F606W,ACS,14,complete,F606W:cached,2026-09-17 20:51:23 UTC,2026-09-17 20:52:37 UTC,
17307,AGEL115032+365534A,DESI-177.6352+36.9263,F606W,ACS,7,bad_data,,2026-08-17 16:32:45 UTC,2026-08-17 16:32:46 UTC,"FileNotFoundError: Expected preliminary single drizzle not found: temp/jf54dacbq_flc_prelim_dr?_sci.fits | DIAGNOSIS 2026-10-01: BAD DATA - both exposures have EXPTIME=0.0 and EXPFLAG='EXCESSIVE DOWNTIME' (visit JF54DA010, 2026-04-20); the integration was lost. Target and pointing are correct (TARGNAME=DESI-177.6352+36.9263, RA/DEC_TARG match). With zero exposure time AstroDrizzle produced temp/jf54dacbq_flc_prelim_drz.fits with EMPTY SCI/WHT/CTX extensions, so no *_prelim_dr?_sci.fits was ever written - the FileNotFoundError is a symptom, not a pipeline bug. No replacement exposures exist anywhere under /Volumes/AGEL/agel_hst. | UNRECOVERABLE: needs re-observation; do not re-queue."
17307,AGEL033717-315214A,DESJ0337-3152,F606W,ACS,14,complete,F606W:cached,2026-09-17 20:52:37 UTC,2026-09-17 20:54:00 UTC,
17307,AGEL020929-064312A,DESJ0209-0643,F606W,ACS,7,complete,F606W:cached,2026-08-17 16:33:22 UTC,2026-08-17 16:34:48 UTC,
17307,AGEL032711-324634A,DESJ0327-3246,F606W,ACS,7,complete,F606W:cached,2026-08-17 16:34:48 UTC,2026-08-17 16:36:14 UTC,
17307,AGEL211759-004448A,AGEL211759-004448A,F606W,ACS,7,complete,F606W:cached,2026-08-17 16:36:14 UTC,2026-08-17 16:37:34 UTC,
17307,AGEL232346-003037A,HSCJ232346-003037,F606W,ACS,7,complete,F606W:cached,2026-08-17 16:37:34 UTC,2026-08-17 16:39:00 UTC,
17307,AGEL222019+043324A,HSCJ222019+043324,F606W,ACS,11,complete,"F606W:downloaded,added_to_ps_config",2026-08-18 18:33:53 UTC,2026-08-18 18:40:44 UTC,
17307,AGEL044055-465734A,DES0440-4657,F606W,ACS,17,complete,"F606W:downloaded,added_to_ps_config",2026-09-22 17:33:24 UTC,2026-09-22 17:35:11 UTC,
17307,AGEL235934+020824A,DESI-359.8897+02.1399,F606W,ACS,17,complete,"F606W:downloaded+combined(DESI-359.8897+02.1399,DES2359+0208)",2026-09-22 17:35:11 UTC,2026-09-22 17:50:51 UTC,"Renamed from AGEL235934-020824A (objname/coordinate sign mismatch -- corrected to match parent catalogue). Combined with duplicate MAST visit jf547m (target_name DES2359+0208, same pointing within 0.34""); re-drizzled with all 4 exposures."
