objname,thumb_size_arcsec,clims_set,skip,alt_run,vmin_r,vmax_r,vmin_g,vmax_g,vmin_b,vmax_b,vmin_gray1,vmax_gray1,vmin_gray2,vmax_gray2
AGEL001030-431515A,30,14,False,True,-0.05,0.6,-0.07,0.8,0.0,0.4,,,,
AGEL001310+004004A,20,2,False,True,-0.05,1.1,-0.05,1.5,0.07,0.7,,,,
AGEL001702-100911A,30,1,False,False,-0.1,0.8,-0.1,1.0,-0.01,0.1,,,,
AGEL002527+101107A,40,1,False,False,-0.1,0.8,-0.1,1.0,-0.01,0.1,,,,
AGEL010158-491738A,20,2,False,True,-0.05,1.1,-0.05,1.5,0.07,0.7,,,,
AGEL013204-160014A,20,2,False,False,-0.05,1.1,-0.05,1.5,0.07,0.7,,,,
AGEL013442+043350A,40,1,False,False,-0.1,0.8,-0.1,1.0,-0.01,0.1,,,,
AGEL014253-183116A,20,2,False,True,-0.05,1.1,-0.05,1.5,0.07,0.7,,,,
AGEL014556+040229A,20,1,True,False,-0.1,0.8,-0.1,1.0,-0.01,0.1,,,,
AGEL015009-030438A,20,1,True,False,-0.1,0.8,-0.1,1.0,-0.01,0.1,,,,
AGEL020613-011417A,30,2,False,False,-0.3,1.5,-0.2,2.0,-0.05,0.3,,,,
AGEL021225-085211A,30,2,False,True,-0.05,1.1,-0.05,1.5,0.07,0.7,,,,
AGEL021408-020629A,40,2,False,True,-0.05,1.1,-0.05,1.5,0.07,0.7,,,,
AGEL025220-473238A,30,2,False,True,-0.05,1.1,-0.05,1.5,0.07,0.7,,,,
AGEL030022-500129A,40,2,False,True,-0.05,1.1,-0.05,1.5,0.07,0.7,,,,
AGEL030416-492126A,55,1,False,False,-0.1,0.8,-0.1,1.0,-0.01,0.1,,,,
AGEL032904-565658A,30,1,False,False,-0.1,0.8,-0.1,1.0,-0.01,0.1,,,,
AGEL033203-132510A,20,2,False,True,-0.05,1.1,-0.05,1.5,0.07,0.7,,,,
AGEL035714-475647A,30,1,False,False,-0.1,0.8,-0.1,1.0,-0.01,0.1,,,,
AGEL040823-532714A,20,2,False,True,-0.05,1.1,-0.05,1.5,0.07,0.7,,,,
AGEL041645-552500A,30,2,False,True,-0.05,1.1,-0.05,1.5,0.07,0.7,,,,
AGEL043806-322852A,20,2,False,True,-0.05,1.1,-0.05,1.5,0.07,0.7,,,,
AGEL053724-464702A,20,15,False,True,0.0,0.7,0.0,0.9,0.0,0.8,,,,
AGEL060357-355806A,40,1,False,False,-0.1,0.8,-0.1,1.0,-0.01,0.1,,,,
AGEL080820+103142A,30,1,False,False,-0.1,0.8,-0.1,1.0,-0.01,0.1,,,,
AGEL090115+095624A,30,2,False,True,-0.05,1.1,-0.05,1.5,0.07,0.7,,,,
AGEL091935+303156A,30,1,False,False,-0.1,0.8,-0.1,1.0,-0.01,0.1,,,,
AGEL094412+322039A,20,2,False,True,-0.05,1.1,-0.05,1.5,0.07,0.7,,,,
AGEL104056-010359A,40,1,False,False,-0.1,0.8,-0.1,1.0,-0.01,0.1,,,,
AGEL105100-055628A,20,2,False,True,-0.05,1.1,-0.05,1.5,0.07,0.7,,,,
AGEL113521+714307A,40,1,False,False,-0.1,0.8,-0.1,1.0,-0.01,0.1,,,,
AGEL122719+172557A,40,1,False,False,-0.1,0.8,-0.1,1.0,-0.01,0.1,,,,
AGEL123736+553343A,30,1,False,False,-0.1,0.8,-0.1,1.0,-0.01,0.1,,,,
AGEL123809+150151A,40,1,False,False,-0.1,0.8,-0.1,1.0,-0.01,0.1,,,,
AGEL125146+014256A,30,1,False,False,-0.1,0.8,-0.1,1.0,-0.01,0.1,,,,
AGEL131231+725054A,30,1,False,False,-0.1,0.8,-0.1,1.0,-0.01,0.1,,,,
AGEL131330-064211A,20,2,False,True,-0.05,1.1,-0.05,1.5,0.07,0.7,,,,
AGEL132304+034319A,40,4,False,False,-0.6,6.0,-0.9,9.0,-0.01,0.45,,,,
AGEL132227-050135A,20,3,False,False,0.4,2.0,0.5,2.5,0.0,0.2,,,,
AGEL132557+263659A,20,32,False,False,0.0,3.0,0.0,5.0,0.0,0.15,,,,
AGEL143408-001311A,15,1,False,False,-0.1,0.8,-0.1,1.0,-0.01,0.1,,,,
AGEL142719-064515A,20,6,False,False,-0.1,1.5,-0.1,2.0,0.0,0.2,,,,
AGEL142822+031800A,20,1,True,False,-0.1,0.8,-0.1,1.0,-0.01,0.1,,,,
AGEL144133-005401A,40,1,False,False,-0.1,0.8,-0.1,1.0,-0.01,0.1,,,,
AGEL144149+144121A,30,1,False,False,-0.1,0.8,-0.1,1.0,-0.01,0.1,,,,
AGEL144743-065709A,20,7,False,False,0.0,3.0,0.0,4.0,0.0,0.25,,,,
AGEL150511+172042A,30,1,False,False,-0.1,0.8,-0.1,1.0,-0.01,0.1,,,,
AGEL151009+203725A,30,1,False,False,-0.1,0.8,-0.1,1.0,-0.01,0.1,,,,
AGEL153929+165016A,30,1,False,False,-0.1,0.8,-0.1,1.0,-0.01,0.1,,,,
AGEL183520+460627A,30,1,False,False,-0.1,0.8,-0.1,1.0,-0.01,0.1,,,,
AGEL193558+580909A,30,1,False,False,-0.1,0.8,-0.1,1.0,-0.01,0.1,,,,
AGEL211627-594702A,20,8,False,False,0.0,3.0,0.0,4.0,0.0,0.3,,,,
AGEL212447-412816A,30,1,False,False,-0.1,0.8,-0.1,1.0,-0.01,0.1,,,,
AGEL213758-012924A,20,9,False,False,-0.7,5.0,-0.7,7.0,-0.07,0.5,,,,
AGEL215122+134718A,40,1,False,False,-0.1,0.8,-0.1,1.0,-0.01,0.1,,,,
AGEL221912-434835A,30,10,False,True,-0.03,1.0,0.0,1.3,-0.1,1.0,,,,
AGEL222609+004142A,20,6,False,False,-0.1,1.5,-0.1,2.0,0.0,0.2,,,,
AGEL224405+275916A,30,11,False,False,-0.1,2.0,-0.1,2.5,-0.01,0.2,,,,
AGEL225607+012534A,15,1,False,False,-0.1,0.8,-0.1,1.0,-0.01,0.1,,,,
AGEL230305-511502A,20,12,False,False,-0.1,1.5,-0.15,2.0,-0.02,0.15,,,,
AGEL232128-463049A,30,13,False,True,0.0,1.0,0.0,1.5,0.0,0.6,,,,
AGEL233552-515218A,30,2,False,True,-0.05,1.1,-0.05,1.5,0.07,0.7,,,,
AGEL233610-020735A,20,14,False,True,-0.05,0.6,-0.07,0.8,0.0,0.4,,,,
AGEL140839+253104A,20,5,False,False,-0.1,1.5,-0.1,2.0,0.0,0.1,,,,
AGEL010520+014457A,20,1,False,False,-0.2,1.5,-0.1,1.5,-0.04,0.15,,,,
AGEL000316-334804A,20,1,False,False,,,,,,,,,,
AGEL000645-442950A,20,1,False,False,,,,,,,,,,
AGEL000729-443446A,20,1,False,False,,,,,,,,,,
AGEL004257-371858A,20,1,False,False,,,,,,,,,,
AGEL012429-291856A,20,1,False,False,,,,,,,,,,
AGEL005055-172033A,20,1,False,False,,,,,,,,,,
AGEL012259-022705A,20,1,False,False,,,,,,,,,,
AGEL012441-015734A,20,1,False,False,,,,,,,,,,
AGEL013003-374458A,20,1,False,False,,,,,,,,,,
AGEL013322-125201A,20,1,False,False,,,,,,,,,,
AGEL014327-085021A,20,1,False,False,,,,,,,,,,
AGEL014359+125610A,20,1,False,False,,,,,,,,,,
AGEL014504-045551A,20,1,False,False,,,,,,,,,,
AGEL015825-003959A,20,1,False,False,,,,,,,,,,
AGEL032325-593233A,20,1,False,False,,,,,,,,,,
AGEL041810-545735A,20,1,False,False,,,,,,,,,,
AGEL042225-403156A,20,1,False,False,,,,,,,,,,
AGEL073726+665837A,20,1,False,False,,,,,,,,,,
AGEL075504+122235A,20,1,False,False,,,,,,,,,,
AGEL082017+643112A,20,1,False,False,,,,,,,,,,
AGEL085920+391702A,20,1,False,False,,,,,,,,,,
AGEL091433+301620A,20,1,False,False,,,,,,,,,,
AGEL102643-023319A,20,1,False,False,,,,,,,,,,
AGEL103255+751854A,20,1,False,False,,,,,,,,,,
AGEL103858-354726A,20,1,False,False,,,,,,,,,,
AGEL104041+185052A,20,1,False,False,,,,,,,,,,
AGEL110419-425746A,20,1,False,False,,,,,,,,,,
AGEL145848+055359A,20,1,False,False,,,,,,,,,,
AGEL151048+630325A,20,1,False,False,,,,,,,,,,
AGEL165046+612939A,20,1,False,False,,,,,,,,,,
AGEL170332+631417A,20,1,False,False,,,,,,,,,,
AGEL184141+741405A,20,1,False,False,,,,,,,,,,
AGEL210607-441154A,20,1,False,False,,,,,,,,,,
AGEL212252-005949A,20,1,False,False,,,,,,,,,,
AGEL212707-514951A,20,1,False,False,,,,,,,,,,
AGEL221638-441920A,20,1,False,False,,,,,,,,,,
AGEL093440+440957,20,1,False,False,,,,,,,,,,
AGEL015643-101100A,20,1,False,False,,,,,,,,,,
AGEL014235-164818A,20,1,False,False,,,,,,,,,,
AGEL013719-083056A,20,1,False,False,,,,,,,,,,
AGEL051603-220847A,20,1,False,False,,,,,,,,,,
AGEL025052-552412A,20,1,False,False,,,,,,,,,,
AGEL113723+602220A,20,1,False,False,,,,,,,,,,
AGEL110725+245943A,20,1,False,False,,,,,,,,,,
AGEL020929-064312A,20,1,False,False,,,,,,,,,,
AGEL032711-324634A,20,1,False,False,,,,,,,,,,
AGEL211759-004448A,20,1,False,False,,,,,,,,,,
AGEL232346-003037A,20,1,False,False,,,,,,,,,,
AGEL013355-643413A,20,1,False,False,,,,,,,,,,
AGEL014106-171324A,20,1,False,False,,,,,,,,,,
AGEL022709-471856A,20,1,False,False,,,,,,,,,,
AGEL024229-294305A,20,1,False,False,,,,,,,,,,
AGEL025029-410418A,20,1,False,False,,,,,,,,,,
AGEL032216-523440A,20,1,False,False,,,,,,,,,,
AGEL034131-513045A,20,1,False,False,,,,,,,,,,
AGEL035346-170639A,20,1,False,False,,,,,,,,,,
AGEL035606-560729A,20,1,False,False,,,,,,,,,,
AGEL222019+043324A,20,1,False,False,,,,,,,,,,
AGEL010238+015857A,20,1,False,False,-0.4,3.0,-0.5,5.0,-0.03,0.3,,,,
AGEL024303-000600A,20,1,False,False,-0.4,3.0,-0.5,3.0,-0.03,0.27,,,,
AGEL011759-052718A,20,1,False,False,,,,,,,,,,
AGEL023211+001339A,20,1,False,False,,,,,,,,,,
AGEL053349-253654A,20,1,False,False,,,,,,,,,,
AGEL101103-001649A,20,1,False,False,,,,,,,,,,
AGEL111800-153227A,20,1,False,False,,,,,,,,,,
AGEL112354+505149A,20,1,False,False,,,,,,,,,,
AGEL224504-501725A,20,1,False,False,,,,,,,,,,
AGEL233607-535236A,20,1,False,False,,,,,,,,,,
AGEL012453-144303A,20,1,False,False,,,,,,,,,,
AGEL014919-134905A,20,1,False,False,,,,,,,,,,
AGEL064100+642915A,20,1,False,False,,,,,,,,,,
AGEL033717-315214A,20,1,False,False,,,,,,,,,,
AGEL014433-114212A,20,1,False,False,,,,,,,,,,
AGEL042439-331742A,20,1,False,False,,,,,,,,,,
AGEL042816-321800A,20,1,False,False,,,,,,,,,,
AGEL053746-471120A,20,1,False,False,,,,,,,,,,
AGEL060359-355835A,20,1,False,False,,,,,,,,,,
AGEL085413-042409A,20,1,False,False,,,,,,,,,,
AGEL144640-000350A,20,1,False,False,,,,,,,,,,
AGEL144802-081249A,20,1,False,False,,,,,,,,,,
AGEL150745+052256A,20,1,False,False,,,,,,,,,,
AGEL172703+110008A,20,1,False,False,,,,,,,,,,
AGEL201419-575701A,20,1,False,False,,,,,,,,,,
AGEL203911-545945A,20,1,False,False,,,,,,,,,,
AGEL204555+003148A,20,1,False,False,,,,,,,,,,
AGEL205616-423857A,20,1,False,False,,,,,,,,,,
AGEL211005-563931A,20,1,False,False,,,,,,,,,,
AGEL211243+000921A,20,1,False,False,,,,,,,,,,
AGEL211515+101153A,20,1,False,False,,,,,,,,,,
AGEL212326+015312A,20,1,False,False,,,,,,,,,,
AGEL212512-650427A,20,1,False,False,,,,,,,,,,
AGEL214915-001252A,20,1,False,False,,,,,,,,,,
AGEL224400+124540A,20,1,False,False,,,,,,,,,,
AGEL233459-640407A,20,1,False,False,,,,,,,,,,
AGEL234930-511339A,20,1,False,False,,,,,,,,,,
AGEL013639+000818A,20,1,False,False,,,,,,,,,,
AGEL014156+304531A,20,1,False,False,,,,,,,,,,
AGEL020145-273942A,20,1,False,False,,,,,,,,,,
AGEL021514-290925A,20,1,False,False,,,,,,,,,,
AGEL044821-192502A,20,1,False,False,,,,,,,,,,
AGEL061815+501821A,20,1,False,False,,,,,,,,,,
AGEL075524+344540A,20,1,False,False,,,,,,,,,,
AGEL085331+232155A,20,1,False,False,,,,,,,,,,
AGEL092315+182943A,20,1,False,False,,,,,,,,,,
AGEL101807-000812A,20,1,False,False,,,,,,,,,,
AGEL101847-012132A,20,1,False,False,,,,,,,,,,
AGEL110154-060232A,20,1,False,False,,,,,,,,,,
AGEL110245+121111A,20,1,False,False,,,,,,,,,,
AGEL120535+411044A,20,1,False,False,,,,,,,,,,
AGEL122537-072508A,20,1,False,False,,,,,,,,,,
AGEL133041+044015A,20,1,False,False,,,,,,,,,,
AGEL133145+513431A,20,1,False,False,,,,,,,,,,
AGEL142749+081045A,20,1,False,False,,,,,,,,,,
AGEL150137+520830A,20,1,False,False,,,,,,,,,,
AGEL150925+390140A,20,1,False,False,,,,,,,,,,
AGEL152509+422753A,20,1,False,False,,,,,,,,,,
AGEL153755+144324A,20,1,False,False,,,,,,,,,,
AGEL155417+044339A,20,1,False,False,,,,,,,,,,
AGEL162300+213721A,20,1,False,False,,,,,,,,,,
AGEL162401+012901A,20,1,False,False,,,,,,,,,,
AGEL165140+280517A,20,1,False,False,,,,,,,,,,
AGEL165742+344858A,20,1,False,False,,,,,,,,,,
AGEL170944+315417A,20,1,False,False,,,,,,,,,,
AGEL171922+244117A,20,1,False,False,,,,,,,,,,
AGEL204312-060954A,20,1,False,False,,,,,,,,,,
AGEL215844+025730A,20,1,False,False,,,,,,,,,,
AGEL231812-110604A,20,1,False,False,,,,,,,,,,
AGEL044055-465734A,40,1,False,False,,,,,,,,,,
AGEL235934+020824A,40,1,False,False,,,,,,,,,,
AGEL142104+002219A,20,1,False,False,,,,,,,,,,
AGEL144431+241843A,20,1,False,False,,,,,,,,,,
